length,time,contacts
26,177.37225341796875,7
26,178.32038736343384,7
26,177.6726052761078,7
