length,time,contacts
26,340.7468671798706,7
26,340.4109511375427,7
26,340.1839919090271,7
26,339.16722297668457,7
26,338.9183647632599,7
