length,time,contacts
25,919.3248529434204,8
25,918.2670543193817,8
25,919.7287747859955,8
