length,time,contacts
25,5293.5222001075745,8
25,5285.460963964462,8
25,5304.525335788727,8
25,5288.357328891754,8
25,5291.054405212402,8
