length,time,contacts
21,367.5834867954254,10
21,367.12764286994934,10
21,367.10267186164856,10
21,366.8865361213684,10
21,367.0106098651886,10
