length,time,contacts
21,58.45784664154053,10
21,58.44338846206665,10
21,58.437472105026245,10
