length,time,contacts
20,31.46517777442932,6
20,31.505773067474365,6
20,31.46477460861206,6
