length,time,contacts
20,79.55945181846619,6
20,79.67737793922424,6
20,79.57741904258728,6
20,79.70394277572632,6
20,80.0363118648529,6
