length,time,contacts
20,110.50142621994019,6
20,110.78810715675354,6
20,110.71480417251587,6
20,110.43305397033691,6
20,110.76961183547974,6
