length,time,contacts
20,32.76880073547363,6
20,32.70037817955017,6
20,32.716843128204346,6
