length,time,contacts
10,3.286283016204834,2
10,3.2673110961914062,2
10,3.1851460933685303,2
