length,time,contacts
10,374.06401801109314,2
10,342.473060131073,2
10,347.91356801986694,2
10,322.4169421195984,2
10,344.25066590309143,2
