length,time,contacts
16,1221.5542509555817,0
16,1374.859266757965,0
16,1418.2776839733124,0
16,1179.843584060669,0
16,1121.3397860527039,0
