length,time,contacts
25,276.44506907463074,5
25,276.7508430480957,5
25,277.4464910030365,5
25,275.96309995651245,5
25,275.3327670097351,5
