length,time,contacts
25,45.219533920288086,5
25,44.761982917785645,5
25,44.47486639022827,5
