length,time,contacts
6,0.017914533615112305,1
6,0.01664280891418457,1
6,0.016550779342651367,1
