length,time,contacts
6,3.5002949237823486,1
6,3.7848422527313232,1
6,3.8233449459075928,1
6,3.7699358463287354,1
6,3.652829885482788,1
