length,time,contacts
6,3.963224172592163,1
6,4.04976487159729,1
6,3.5116348266601562,1
6,3.8064751625061035,1
6,3.6273200511932373,1
