length,time,contacts
6,0.01819014549255371,1
6,0.01652812957763672,1
6,0.018383026123046875,1
