length,time,contacts
27,1016.2618417739868,9
27,1014.3937575817108,9
