length,time,contacts
26,273.80772614479065,9
26,273.11177492141724,9
26,273.1054298877716,9
