length,time,contacts
15,1101.0860018730164,0
15,1359.4169280529022,0
15,1021.758181810379,0
15,1243.8432562351227,0
15,1465.5395448207855,0
